feature	metadata	value	coef	stderr	N	N.not.0	pval	qval
PWY.2942..L.lysine.biosynthesis.III	season	rainy	62.9048	1.45263865429059	38	19	5.40542673274991e-32	4.70272125749242e-29
PWY.6629..superpathway.of.L.tryptophan.biosynthesis	season	rainy	-43.3475210526316	1.26385876778367	38	29	1.5735528911321e-28	6.84495507642463e-26
TRPSYN.PWY..L.tryptophan.biosynthesis	season	rainy	-38.244685368421	1.38167353989858	38	29	2.19722807841945e-25	6.37196142741642e-23
ALLANTOINDEG.PWY..superpathway.of.allantoin.degradation.in.yeast	season	rainy	4.39671842105263	0.243076614712445	38	24	2.44280696711973e-19	5.31310515348542e-17
PWY.7255..ergothioneine.biosynthesis.I..bacteria.	season	rainy	8.58008315789473	0.499998451120172	38	19	1.28572320512185e-18	2.23715837691203e-16
PWY.7185..UTP.and.CTP.dephosphorylation.I	season	rainy	-2.71558578947368	0.386137530532982	38	17	3.46700071277835e-08	5.02715103352861e-06
P41.PWY..pyruvate.fermentation.to.acetate.and..S..lactate.I	strategy	DT	-6.113037	0.884510777915489	38	38	4.97547019588467e-08	5.49828667776595e-06
PWY.7254..TCA.cycle.VII..acetate.producers.	strategy	DT	-9.5671061111111	1.38536782524853	38	38	5.05589579564685e-08	5.49828667776595e-06
PWY0.1297..superpathway.of.purine.deoxyribonucleosides.degradation	strategy	DT	-6.67747777777778	1.01189116659055	38	38	1.26569277753101e-07	1.22350301827997e-05
GLUCOSE1PMETAB.PWY..glucose.and.glucose.1.phosphate.degradation	strategy	DT	-23.7815322222222	3.79579353389355	38	38	3.45920180657062e-07	3.00950557171644e-05
PWY.5941..glycogen.degradation.II	strategy	DT	-23.9392222222222	4.02965874640377	38	38	9.2407688243627e-07	7.22719465763718e-05
PWY.7345..superpathway.of.anaerobic.sucrose.degradation	strategy	DT	-5.38724322222222	0.910657857064909	38	37	9.96854435536163e-07	7.22719465763718e-05
PWY.7731..superpathway.of.photosynthetic.hydrogen.production	season	rainy	3.03873831578947	0.516393663985405	38	38	1.09596315783301e-06	7.3345226716517e-05
PWY.7238..sucrose.biosynthesis.II	strategy	DT	-23.0116905555556	3.93584759689185	38	38	1.22938829430175e-06	7.63977011458942e-05
PWY.5690..TCA.cycle.II..plants.and.fungi.	season	rainy	-6.04936315789474	1.04118509786261	38	38	1.37396212151246e-06	7.96898030477227e-05
PWY.7953..UDP.N.acetylmuramoyl.pentapeptide.biosynthesis.III..meso.diaminopimelate.containing.	season	rainy	8.83855789473685	1.65083718964538	38	38	5.4907281427227e-06	0.000298558342760547
PWY66.409..superpathway.of.purine.nucleotide.salvage	strategy	DT	-7.73427055555554	1.52155172899686	38	38	1.24774954950481e-05	0.000638554181217167
PWY.1269..CMP.3.deoxy.D.manno.octulosonate.biosynthesis	strategy	DT	-3.99728088888889	0.789464199069162	38	38	1.32500938388697e-05	0.000640421202212038
PWY.7118..chitin.deacetylation	strategy	DT	-7.27355888888888	1.45051504182413	38	38	1.53568506935767e-05	0.000669867725646116
TCA..TCA.cycle.I..prokaryotic.	strategy	DT	-12.5532488888889	2.50386250678762	38	38	1.53992580608303e-05	0.000669867725646116
X12DICHLORETHDEG.PWY..1.2.dichloroethane.degradation	strategy	DT	-1.24478830555555	0.250554866909494	38	38	1.76634798656509e-05	0.00073177273729125
PWY.6803..phosphatidylcholine.acyl.editing	strategy	DT	-1.43634621111111	0.298209917989923	38	21	2.78869790625856e-05	0.00110280326292952
NAGLIPASYN.PWY..lipid.IVA.biosynthesis..E..coli.	season	rainy	-2.06859315789474	0.437442421868383	38	38	3.62929727074702e-05	0.00121441870213458
PWY.3781..aerobic.respiration.I..cytochrome.c.	season	rainy	8.19583263157895	1.72607108306904	38	38	3.42384346616006e-05	0.00121441870213458
PWY.6549..L.glutamine.biosynthesis.III	season	rainy	-4.32054736842105	0.907154562870478	38	38	3.27813687854289e-05	0.00121441870213458
PWY.8073..lipid.IVA.biosynthesis..P..putida.	season	rainy	-2.06859315789474	0.437442421868383	38	38	3.62929727074702e-05	0.00121441870213458
THISYN.PWY..superpathway.of.thiamine.diphosphate.biosynthesis.I	season	rainy	-2.94264052631579	0.62397480191069	38	12	3.77215484366532e-05	0.00121547211629216
BIOTIN.BIOSYNTHESIS.PWY..biotin.biosynthesis.I	strategy	DT	-3.180113	0.678360417657932	38	38	4.10257716908743e-05	0.00127472933468074
CALVIN.PWY..Calvin.Benson.Bassham.cycle	season	rainy	6.24894210526316	1.36938351363506	38	38	5.95398342930375e-05	0.00161873924484196
GLYOXYLATE.BYPASS..glyoxylate.cycle	season	rainy	-6.12157368421053	1.33536162071476	38	38	5.59441714391698e-05	0.00161873924484196
PWY.6992..1.5.anhydrofructose.degradation	strategy	DT	-1.61001494444444	0.350573736531717	38	38	5.45740167022615e-05	0.00161873924484196
TCA.GLYOX.BYPASS..superpathway.of.glyoxylate.bypass.and.TCA	strategy	DT	-8.68040944444444	1.90158004548698	38	38	5.9271397934263e-05	0.00161873924484196
CHLOROPHYLL.SYN..3.8.divinyl.chlorophyllide.a.biosynthesis.I..aerobic..light.dependent.	season	rainy	1.01561257894737	0.22491357776678	38	17	6.86427092972583e-05	0.00180967142692772
GLYCOGENSYNTH.PWY..glycogen.biosynthesis.I..from.ADP.D.Glucose.	strategy	DT	-14.1756955555555	3.15938546323757	38	38	7.47632472023924e-05	0.00185840071617375
PWY4LZ.257..superpathway.of.fermentation..Chlamydomonas.reinhardtii.	strategy	DT	-1.44003504444444	0.320774432724528	38	28	7.4233313885986e-05	0.00185840071617375
PWY0.1586..peptidoglycan.maturation..meso.diaminopimelate.containing.	strategy	DT	-4.05856777777777	0.922747547058577	38	38	9.72112730561262e-05	0.00234927243218972
PWY0.1533..methylphosphonate.degradation.I	season	rainy	0.380004578947369	0.0867007034407608	38	19	0.000101745890559803	0.00239240337262239
PWY.6946..cholesterol.degradation.to.androstenedione.II..cholesterol.dehydrogenase.	season	rainy	0.764943631578947	0.175325810841622	38	29	0.000107933280885233	0.00247110406237244
DTDPRHAMSYN.PWY..dTDP..beta..L.rhamnose.biosynthesis	season	rainy	7.09413157894737	1.64503466955106	38	38	0.000125296814765238	0.00269436593658218
P562.PWY..myo.inositol.degradation.I	season	rainy	0.306832526315789	0.071059699571125	38	12	0.000123280083652673	0.00269436593658218
PANTO.PWY..phosphopantothenate.biosynthesis.I	season	rainy	8.92303684210527	2.07130235383772	38	38	0.000126975865976861	0.00269436593658218
PWY.6386..UDP.N.acetylmuramoyl.pentapeptide.biosynthesis.II..lysine.containing.	season	rainy	7.52611052631579	1.77141331256359	38	38	0.000151180816691927	0.00313115958407477
PWY.6892..thiazole.component.of.thiamine.diphosphate.biosynthesis.I	season	rainy	-0.834601421052631	0.196915615159051	38	12	0.000155813883928442	0.00313115958407477
PWY.7090..UDP.2.3.diacetamido.2.3.dideoxy..alpha..D.mannuronate.biosynthesis	season	rainy	0.526831105263158	0.124462332203207	38	18	0.00015835749620608	0.00313115958407477
PWY3O.4107..NAD.salvage.pathway.V..PNC.V.cycle.	strategy	DT	2.54340538888889	0.604655500632138	38	38	0.000171151022413915	0.00330891976666902
GLUDEG.I.PWY..GABA.shunt	strategy	DT	1.97080066666667	0.471180454119785	38	38	0.000183445935291694	0.00346952095008204
PWY.101..photosynthesis.light.reactions	season	rainy	4.17099215789474	1.00248420487599	38	38	0.000195657964383002	0.00362175380879174
PWY.8187..L.arginine.degradation.XIII..reductive.Stickland.reaction.	strategy	DT	-8.43860722222222	2.03189856341893	38	38	0.000200047392450659	0.00362585898816819
HISDEG.PWY..L.histidine.degradation.I	strategy	DT	-6.11378555555555	1.48225284589127	38	38	0.000217345857151428	0.00385899787187229
PWY.6588..pyruvate.fermentation.to.acetone	strategy	DT	-1.51084659444444	0.371157486023546	38	29	0.000254373245195559	0.00442609446640272
LIPASYN.PWY..phospholipases	strategy	DT	-3.36087722222222	0.827981825429954	38	7	0.000263028933028572	0.00445148898233025
PWY.6527..stachyose.degradation	strategy	DT	-3.94628444444444	0.976279908076202	38	37	0.000276299316144636	0.00445148898233025
PWY4FS.7..phosphatidylglycerol.biosynthesis.I..plastidic.	season	rainy	2.73294736842105	0.675859943950381	38	38	0.000275103866844527	0.00445148898233025
PWY4FS.8..phosphatidylglycerol.biosynthesis.II..non.plastidic.	season	rainy	2.73294736842105	0.675859943950381	38	38	0.000275103866844527	0.00445148898233025
PWY.7851..coenzyme.A.biosynthesis.II..eukaryotic.	season	rainy	5.81161631578947	1.44313725877902	38	38	0.0002886620716042	0.00456610913264826
COA.PWY.1..superpathway.of.coenzyme.A.biosynthesis.III..mammals.	season	rainy	6.70148578947369	1.67693859179675	38	38	0.000315595973463986	0.00490300887345835
PWY.6901..superpathway.of.glucose.and.xylose.degradation	strategy	DT	-5.71974722222222	1.43569114980719	38	38	0.000327015175327181	0.00499128425499382
PWY.7953..UDP.N.acetylmuramoyl.pentapeptide.biosynthesis.III..meso.diaminopimelate.containing.	strategy	DT	-6.56473333333333	1.6531284290404	38	38	0.000339401671928399	0.00509102507892599
PWY.6270..isoprene.biosynthesis.I	season	rainy	7.24004210526316	1.83926345196675	38	38	0.000375136919414317	0.00553167999814332
COLANSYN.PWY..colanic.acid.building.blocks.biosynthesis	strategy	DT	3.40699333333333	0.887469292810331	38	38	0.000496071203584727	0.0067757862727621
LIPASYN.PWY..phospholipases	season	rainy	3.18398894736842	0.826834240920815	38	7	0.00047958186201635	0.0067757862727621
PANTOSYN.PWY..superpathway.of.coenzyme.A.biosynthesis.I..bacteria.	season	rainy	4.95356315789474	1.28962640713137	38	38	0.000493122737544688	0.0067757862727621
PHOTOALL.PWY..oxygenic.photosynthesis	season	rainy	1.35842415789474	0.354616116643414	38	33	0.000507991096432279	0.0067757862727621
PWY.5659..GDP.mannose.biosynthesis	strategy	DT	2.21085372222222	0.576415486092006	38	38	0.000501026354964731	0.0067757862727621
PWY.6700..queuosine.biosynthesis.I..de.novo.	season	rainy	6.82585263157895	1.78381147544456	38	38	0.000514025165519884	0.0067757862727621
REDCITCYC..TCA.cycle.VI..Helicobacter.	season	rainy	-3.23974210526316	0.845904110980321	38	38	0.000509113732194818	0.0067757862727621
PWY66.389..phytol.degradation	strategy	DT	-3.68949111111111	0.969843519730282	38	38	0.000547858188115849	0.00711397945762371
SULFATE.CYS.PWY..superpathway.of.sulfate.assimilation.and.cysteine.biosynthesis	strategy	DT	-4.36420833333333	1.165298107875	38	38	0.000648056938263638	0.00829131671013773
PWY.5723..Rubisco.shunt	season	rainy	10.9222210526316	2.96473555433103	38	38	0.000770322056832559	0.00971275636875835
NONMEVIPP.PWY..methylerythritol.phosphate.pathway.I	season	rainy	8.41777894736843	2.31249699717417	38	38	0.000871714006741173	0.0106815659980961
PWY.6703..preQ0.biosynthesis	season	rainy	8.83047368421054	2.42532740189138	38	38	0.000869718809245473	0.0106815659980961
PWY.5913..partial.TCA.cycle..obligate.autotrophs.	strategy	DT	-3.79762111111111	1.04737173040158	38	38	0.000907343518787307	0.0109637341853466
ORNDEG.PWY..superpathway.of.ornithine.degradation	strategy	DT	1.7851745	0.494655765393255	38	38	0.000951462983487393	0.0113393533648497
FAO.PWY..fatty.acid..beta..oxidation.I..generic.	strategy	DT	3.44913222222222	0.96958904405763	38	38	0.0010990643758929	0.0118047655188497
P105.PWY..TCA.cycle.IV..2.oxoglutarate.decarboxylase.	season	rainy	-8.75681578947369	2.4429448122581	38	38	0.00101866235415366	0.0118047655188497
P122.PWY..heterolactic.fermentation	season	rainy	1.25617157894737	0.352914397132692	38	8	0.0010926209876233	0.0118047655188497
PWY.1042..glycolysis.IV	season	rainy	5.37524210526316	1.50926437228287	38	38	0.00108631758036749	0.0118047655188497
PWY.5667..CDP.diacylglycerol.biosynthesis.I	season	rainy	3.11059052631579	0.871277932834013	38	38	0.00106042079575102	0.0118047655188497
PWY.7210..pyrimidine.deoxyribonucleotides.biosynthesis.from.CTP	strategy	DT	-2.50908021111111	0.703548043856774	38	36	0.00107179407873041	0.0118047655188497
PWY0.1319..CDP.diacylglycerol.biosynthesis.II	season	rainy	3.11059052631579	0.871277932834013	38	38	0.00106042079575102	0.0118047655188497
REDCITCYC..TCA.cycle.VI..Helicobacter.	strategy	DT	-3.01634833333333	0.847078163052593	38	38	0.00108817459900111	0.0118047655188497
PWY.7084..nitrifier.denitrification	strategy	DT	0.39806205	0.112395543128902	38	12	0.00114817370473941	0.0121688974834615
PWY.7184..pyrimidine.deoxyribonucleotides.de.novo.biosynthesis.I	strategy	DT	-2.18245682222222	0.616923940304153	38	36	0.0011609407943992	0.0121688974834615
POLYISOPRENSYN.PWY..polyisoprenoid.biosynthesis..E..coli.	strategy	DT	-1.30554116666667	0.371320632841273	38	38	0.00123310523322144	0.0127714470583649
PWY.6545..pyrimidine.deoxyribonucleotides.de.novo.biosynthesis.III	strategy	DT	-2.20088002777778	0.627500999390837	38	36	0.00126276545281794	0.0129247758111953
PWY0.1477..ethanolamine.utilization	strategy	DT	-4.324465	1.24615079445999	38	38	0.00139937704079304	0.0141564886684877
PHOSLIPSYN.PWY..superpathway.of.phospholipid.biosynthesis.I..bacteria.	season	rainy	3.34495684210526	0.982956392925376	38	38	0.00168414873889882	0.0165746780215429
PWY.5121..superpathway.of.geranylgeranyl.diphosphate.biosynthesis.II..via.MEP.	strategy	DT	-1.9942045	0.586205115546903	38	38	0.00168908250773585	0.0165746780215429
PWY.6594..superpathway.of.Clostridium.acetobutylicum.solventogenic.fermentation	strategy	DT	-0.863047327777777	0.25380085906983	38	23	0.00169557051024979	0.0165746780215429
P161.PWY..acetylene.degradation..anaerobic.	strategy	DT	-4.581455	1.35972467640383	38	38	0.00184614434248476	0.0178460619773527
UNINTEGRATED	strategy	DT	-7234.93888888887	2161.32612461151	38	38	0.00196005056562324	0.0185352607836111
NONOXIPENT.PWY..pentose.phosphate.pathway..non.oxidative.branch..I	strategy	DT	-7.69539944444443	2.29765338021899	38	38	0.00195051650695063	0.0185352607836111
FOLSYN.PWY..superpathway.of.tetrahydrofolate.biosynthesis.and.salvage	season	rainy	1.11826568421053	0.336350663104337	38	16	0.00208523022251365	0.019299471208371
PWY.7237..myo...chiro..and.scyllo.inositol.degradation	strategy	DT	-2.95178288888889	0.887455842253529	38	36	0.00207722038955048	0.019299471208371
PWY.6612..superpathway.of.tetrahydrofolate.biosynthesis	season	rainy	0.755026684210527	0.227838603465124	38	16	0.00214750141425607	0.0196665918989766
GALACTARDEG.PWY..D.galactarate.degradation.I	season	rainy	-0.562751789473684	0.17140641819163	38	38	0.00233387939734113	0.0207191334253753
GLUCARDEG.PWY..D.glucarate.degradation.I	season	rainy	-0.534092368421052	0.162614157236818	38	38	0.00232586620098516	0.0207191334253753
GLUCARGALACTSUPER.PWY..superpathway.of.D.glucarate.and.D.galactarate.degradation	season	rainy	-0.562751789473684	0.17140641819163	38	38	0.00233387939734113	0.0207191334253753
PWY.6895..superpathway.of.thiamine.diphosphate.biosynthesis.II	strategy	DT	-1.92056033333333	0.586863403194079	38	25	0.00240142238439269	0.0211034088325418
FUCCAT.PWY..fucose.degradation	season	rainy	0.138418947368421	0.0426929568813875	38	7	0.00260639439803027	0.0226507372340298
PWY.6859..all.trans.farnesol.biosynthesis	strategy	DT	-0.972904777777777	0.300380750679653	38	38	0.00262956834555978	0.0226507372340298
PWY.7413..dTDP.6.deoxy..alpha..D.allose.biosynthesis	season	rainy	0.635145263157895	0.196613241978554	38	21	0.00269015497780058	0.0229454395165344
PWY.6215..4.chlorobenzoate.degradation	season	rainy	0.473731473684211	0.147198544281601	38	26	0.00277906079943142	0.0232479124567821
PWY0.1061..superpathway.of.L.alanine.biosynthesis	strategy	DT	-3.74378705555555	1.16210920252297	38	38	0.00275509437625965	0.0232479124567821
PWY66.367..ketogenesis	season	rainy	2.75249263157895	0.859738474772694	38	38	0.00290677081564256	0.0240846724724669
PWY.5741..ethylmalonyl.CoA.pathway	strategy	DT	-0.694373072222222	0.217396580985879	38	36	0.00296573885334146	0.0243414415321422
UNMAPPED	strategy	DT	7488.76666666678	2356.15704115227	38	38	0.00309239264733149	0.0247318427502304
PWY.6385..peptidoglycan.biosynthesis.III..mycobacteria.	season	rainy	5.41267368421053	1.70227351862829	38	38	0.00308175350079812	0.0247318427502304
PWY.7199..pyrimidine.deoxyribonucleosides.salvage	strategy	DT	-3.09697055555555	0.974615931897567	38	38	0.0030985871951438	0.0247318427502304
PWY.3801..sucrose.degradation.II..sucrose.synthase.	season	rainy	2.82118684210527	0.898302359892054	38	27	0.00341975166964738	0.0268034590323713
PWY.8178..pentose.phosphate.pathway..non.oxidative.branch..II	season	rainy	4.73822105263159	1.50827746462998	38	38	0.00341156837631972	0.0268034590323713
PWY.7159..3.8.divinyl.chlorophyllide.a.biosynthesis.III..aerobic..light.independent.	strategy	DT	3.13816683333333	1.00264493387549	38	35	0.00351810086371551	0.0273281049235044
PWY.3841..folate.transformations.II..plants.	season	rainy	6.84454736842106	2.19304096047787	38	38	0.00360164370925748	0.0277294692659647
PWY.7820..teichuronic.acid.biosynthesis..B..subtilis.168.	season	rainy	0.347872315789474	0.112352573548235	38	18	0.00384539907349885	0.0293464666135439
GLUCUROCAT.PWY..superpathway.of..beta..D.glucuronosides.degradation	season	rainy	0.416816473684211	0.136422013729011	38	11	0.0042824340935207	0.0321182116213568
HEME.BIOSYNTHESIS.II.1..heme.b.biosynthesis.V..aerobic.	season	rainy	3.82918421052632	1.25647490526105	38	38	0.00437075225143802	0.0321182116213568
HEME.BIOSYNTHESIS.II..heme.b.biosynthesis.I..aerobic.	season	rainy	3.82918421052632	1.25647490526105	38	38	0.00437075225143802	0.0321182116213568
PWY.6834..spermidine.biosynthesis.III	season	rainy	-0.438485789473684	0.143973157015868	38	38	0.00439318067004766	0.0321182116213568
PWY.7052..cyanophycin.metabolism	strategy	DT	-0.370521044444444	0.121477367536101	38	33	0.00434148885078662	0.0321182116213568
PWY.5464..superpathway.of.cytosolic.glycolysis..plants...pyruvate.dehydrogenase.and.TCA.cycle	season	rainy	0.938105052631579	0.31182097826328	38	9	0.00484082589593654	0.0345934616796142
PWY.5741..ethylmalonyl.CoA.pathway	season	rainy	0.652949736842105	0.217095268878515	38	36	0.00485103715507233	0.0345934616796142
PWY.6292..superpathway.of.L.cysteine.biosynthesis..mammalian.	strategy	DT	4.28812222222222	1.42324293143885	38	38	0.00478499158804195	0.0345934616796142
PWY.3001..superpathway.of.L.isoleucine.biosynthesis.I	strategy	DT	6.09077666666666	2.02965159246692	38	38	0.00493728386360715	0.0349222517181969
PWY.6396..superpathway.of.2.3.butanediol.biosynthesis	season	rainy	0.403180157894737	0.134767032395633	38	22	0.00505706370263975	0.0354810114620692
PWY.6387..UDP.N.acetylmuramoyl.pentapeptide.biosynthesis.I..meso.diaminopimelate.containing.	season	rainy	5.28135789473685	1.7800200704324	38	38	0.005391219671922	0.0375228889165771
PEPTIDOGLYCANSYN.PWY..peptidoglycan.biosynthesis.I..meso.diaminopimelate.containing.	season	rainy	4.91870526315789	1.67747644160524	38	38	0.00589851280317678	0.040407134950896
PWY490.3..nitrate.reduction.VI..assimilatory.	season	rainy	1.40302842105263	0.47838790944326	38	38	0.00588909047655057	0.040407134950896
PWY.6630..superpathway.of.L.tyrosine.biosynthesis	season	rainy	3.64972631578947	1.24747867333186	38	38	0.00599841418722119	0.0407634160600454
PWY.7900..glycogen.biosynthesis.III..from..alpha..maltose.1.phosphate.	season	rainy	0.230155736842105	0.0787469728911004	38	16	0.00604423065717915	0.0407634160600454
CATECHOL.ORTHO.CLEAVAGE.PWY..catechol.degradation.to..beta..ketoadipate	season	rainy	0.505093736842105	0.17391760675367	38	36	0.0063385696729364	0.0422021776337713
DENITRIFICATION.PWY..nitrate.reduction.I..denitrification.	strategy	DT	0.290816477777778	0.100272452292583	38	13	0.00640308902029633	0.0422021776337713
PWY.6936..seleno.amino.acid.biosynthesis..plants.	strategy	DT	-3.43090388888889	1.18205503240656	38	38	0.0063666219022326	0.0422021776337713
PWY.7118..chitin.deacetylation	season	rainy	-4.18980526315789	1.44850462499957	38	38	0.00653162879328843	0.0427256921064732
PWY.5417..catechol.degradation.III..ortho.cleavage.pathway.	season	rainy	0.686543368421053	0.237864584645673	38	36	0.00663651190515788	0.0427686322776841
PWY.5431..aromatic.compounds.degradation.via..beta..ketoadipate	season	rainy	0.686543368421053	0.237864584645673	38	36	0.00663651190515788	0.0427686322776841
THRESYN.PWY..superpathway.of.L.threonine.biosynthesis	strategy	DT	6.56410888888889	2.28203663541902	38	38	0.00680572767520291	0.0435366402751951
X3.HYDROXYPHENYLACETATE.DEGRADATION.PWY..4.hydroxyphenylacetate.degradation	strategy	DT	-0.429918333333333	0.14988117125791	38	18	0.00694664527235246	0.0441137327514353
PWY.6606..guanosine.nucleotides.degradation.II	season	rainy	1.10335342105263	0.385345601647834	38	36	0.00703775650925812	0.0441774400985964
PWY0.1296..purine.ribonucleosides.degradation	strategy	DT	-3.75559777777778	1.31216315590968	38	38	0.00705823468241942	0.0441774400985964
PWY66.398..TCA.cycle.III..animals.	strategy	DT	3.34318455555556	1.17845559838211	38	38	0.00752566570807548	0.0467666369001833
HOMOSER.METSYN.PWY..L.methionine.biosynthesis.I	season	rainy	1.08248205263158	0.383034375782734	38	34	0.00773551887808241	0.0477297973328489
MET.SAM.PWY..superpathway.of.S.adenosyl.L.methionine.biosynthesis	season	rainy	2.02460957894737	0.719544232683407	38	34	0.00798065800420194	0.0482164754420534
METSYN.PWY..superpathway.of.L.homoserine.and.L.methionine.biosynthesis	season	rainy	1.82977673684211	0.649271773862438	38	34	0.00789117811436222	0.0482164754420534
PWY.5347..superpathway.of.L.methionine.biosynthesis..transsulfuration.	season	rainy	1.97867526315789	0.703020523250765	38	34	0.00796463233466437	0.0482164754420534
PWY.7560..methylerythritol.phosphate.pathway.II	season	rainy	4.46127368421052	1.59001936964671	38	38	0.00814233039467978	0.0488539823680787
PWY.7254..TCA.cycle.VII..acetate.producers.	season	rainy	-3.86672105263158	1.38344770259984	38	38	0.0083673298367728	0.0498601161506324
PWY.7328..superpathway.of.UDP.glucose.derived.O.antigen.building.blocks.biosynthesis	season	rainy	5.91749736842105	2.12233473019181	38	38	0.00851155786279487	0.0503745261267452
PWY.6748..nitrate.reduction.VII..denitrification.	season	rainy	0.0507347473684211	0.0183199900588688	38	6	0.00892406180639057	0.0521069380641597
PWY.7115..C4.photosynthetic.carbon.assimilation.cycle..NAD.ME.type	strategy	DT	-2.37103838888889	0.855372102201265	38	38	0.00886664755673661	0.0521069380641597
PWY.7268..cytosolic.NADPH.production..yeast.	strategy	DT	-0.9634695	0.348711473781841	38	35	0.00906894319054087	0.052251526991858
PWY.7269..mitochondrial.NADPH.production..yeast.	strategy	DT	-0.646910155555555	0.233968648835969	38	35	0.00902355661159904	0.052251526991858
P461.PWY..hexitol.fermentation.to.lactate..formate..ethanol.and.acetate	strategy	DT	-0.479993644444444	0.173961303308528	38	24	0.00915439345483083	0.0523968572743607
CRNFORCAT.PWY..creatinine.degradation.I	strategy	DT	-0.530961288888888	0.193570647340576	38	37	0.00953315545225949	0.0528270397672978
HEMESYN2.PWY..heme.b.biosynthesis.II..oxygen.independent.	season	rainy	2.49575684210526	0.907399663432659	38	38	0.00935699165005592	0.0528270397672978
PWY.5384..sucrose.degradation.IV..sucrose.phosphorylase.	strategy	DT	-1.630925	0.594051213829686	38	37	0.00947514823248861	0.0528270397672978
PWY.6948..sitosterol.degradation.to.androstenedione	season	rainy	0.922202263157895	0.335877221988581	38	37	0.00946983325319762	0.0528270397672978
PWY0.1241..ADP.L.glycero..beta..D.manno.heptose.biosynthesis	season	rainy	2.33544263157895	0.848690442676487	38	38	0.00932499653585156	0.0528270397672978
PWY.5030..L.histidine.degradation.III	season	rainy	0.938415368421053	0.342783866596055	38	24	0.00966141350668066	0.0531989224734948
RHAMCAT.PWY..L.rhamnose.degradation.I	strategy	DT	-0.386994927777778	0.142100290089999	38	35	0.0100102738898388	0.0547731967557218
COA.PWY..coenzyme.A.biosynthesis.I..prokaryotic.	season	rainy	5.76225789473684	2.12886173034891	38	38	0.0104333799817441	0.0559691001768158
PENTOSE.P.PWY..pentose.phosphate.pathway	strategy	DT	-4.51426833333333	1.67259926510936	38	38	0.0106365299882139	0.0559691001768158
PWY.2942..L.lysine.biosynthesis.III	strategy	DT	3.93929111111111	1.45465480884073	38	19	0.0103990776342321	0.0559691001768158
PWY.5675..nitrate.reduction.V..assimilatory.	strategy	DT	1.77331355555555	0.657430685752211	38	38	0.0106791616429327	0.0559691001768158
PWY.702..L.methionine.biosynthesis.II	strategy	DT	-1.92406611111111	0.710308847328107	38	38	0.0103806431219051	0.0559691001768158
PWY5F9.12..biphenyl.degradation	strategy	DT	-0.416436266666666	0.154159075267056	38	30	0.0105737893837992	0.0559691001768158
PWY66.389..phytol.degradation	season	rainy	2.61887894736842	0.968499314621729	38	38	0.0105027915152575	0.0559691001768158
PWY0.1277..3.phenylpropanoate.and.3..3.hydroxyphenyl.propanoate.degradation	season	rainy	0.614314736842106	0.229542254838156	38	16	0.0112504212789821	0.0582611101947287
PWY4LZ.257..superpathway.of.fermentation..Chlamydomonas.reinhardtii.	season	rainy	0.857530947368422	0.320329838702513	38	28	0.0112292049227682	0.0582611101947287
UNINTEGRATED	season	rainy	5710.15789473685	2158.33052216756	38	38	0.0121308879275896	0.0598128019206493
NADSYN.PWY..NAD.de.novo.biosynthesis.II..from.tryptophan.	season	rainy	1.33264052631579	0.503974873808962	38	36	0.0121719246482654	0.0598128019206493
PWY.5651..L.tryptophan.degradation.to.2.amino.3.carboxymuconate.semialdehyde	season	rainy	0.991535789473684	0.373093665612327	38	36	0.0117794379484562	0.0598128019206493
PWY.5837..2.carboxy.1.4.naphthoquinol.biosynthesis	strategy	DT	0.394404766666667	0.149408105051816	38	18	0.012306312119306	0.0598128019206493
PWY.5897..superpathway.of.menaquinol.11.biosynthesis	strategy	DT	1.11584727222222	0.422437749626354	38	18	0.0122561514021977	0.0598128019206493
PWY.5898..superpathway.of.menaquinol.12.biosynthesis	strategy	DT	1.11584727222222	0.422437749626354	38	18	0.0122561514021977	0.0598128019206493
PWY.5899..superpathway.of.menaquinol.13.biosynthesis	strategy	DT	1.11584727222222	0.422437749626354	38	18	0.0122561514021977	0.0598128019206493
PWY.6182..superpathway.of.salicylate.degradation	season	rainy	0.636942210526316	0.24003571270101	38	36	0.0118980071505006	0.0598128019206493
PWY.6629..superpathway.of.L.tryptophan.biosynthesis	strategy	DT	-3.34993388888888	1.26561290987391	38	29	0.0120937304055973	0.0598128019206493
PWY.6703..preQ0.biosynthesis	strategy	DT	-6.44317333333332	2.42869357617185	38	38	0.0119153577723063	0.0598128019206493
PWY.7992..superpathway.of.menaquinol.8.biosynthesis.III	strategy	DT	-2.40350872222222	0.907612073066785	38	38	0.0120557722467101	0.0598128019206493
PWY.6519..8.amino.7.oxononanoate.biosynthesis.I	strategy	DT	-2.07284866666666	0.787371019266505	38	38	0.0125240766385344	0.0605330370862497
PWY.7323..superpathway.of.GDP.mannose.derived.O.antigen.building.blocks.biosynthesis	season	rainy	1.50758947368421	0.573586023690014	38	38	0.0126553508956126	0.0608295871778063
PWY.5838..superpathway.of.menaquinol.8.biosynthesis.I	strategy	DT	1.18187015	0.451274516972606	38	18	0.0129493162060124	0.0608967843201664
PWY.5840..superpathway.of.menaquinol.7.biosynthesis	strategy	DT	1.18746976111111	0.453131220021385	38	18	0.0128979936500438	0.0608967843201664
PWY.5861..superpathway.of.demethylmenaquinol.8.biosynthesis.I	strategy	DT	0.806715772222223	0.307777599554787	38	18	0.0128818525634128	0.0608967843201664
PWY.7413..dTDP.6.deoxy..alpha..D.allose.biosynthesis	strategy	DT	0.516031661111111	0.196886126553986	38	21	0.0128860885962803	0.0608967843201664
CHLOROPHYLL.SYN..3.8.divinyl.chlorophyllide.a.biosynthesis.I..aerobic..light.dependent.	strategy	DT	0.588010677777778	0.225225741106137	38	17	0.0132109250325182	0.061793036442424
PWY.5918..superpathway.of.heme.b.biosynthesis.from.glutamate	season	rainy	3.84734736842105	1.47545237005921	38	38	0.0133140205087726	0.0619422344525785
UNMAPPED	season	rainy	-6109.94736842093	2352.89140265819	38	38	0.0136682116604526	0.06325183055635
PWY.6317..D.galactose.degradation.I..Leloir.pathway.	season	rainy	2.86820631578947	1.10980321307853	38	38	0.0140844610668741	0.0646767691503877
PWY.7807..glyphosate.degradation.III	season	rainy	0.210898210526316	0.0816407098626877	38	9	0.014124811653533	0.0646767691503877
FAO.PWY..fatty.acid..beta..oxidation.I..generic.	season	rainy	-2.49389421052631	0.968245191652881	38	38	0.0143860509131419	0.0651249717454943
FERMENTATION.PWY..mixed.acid.fermentation	strategy	DT	-2.28520944444444	0.887828696828243	38	38	0.014447263846989	0.0651249717454943
PWY.241..C4.photosynthetic.carbon.assimilation.cycle..NADP.ME.type	season	rainy	2.69024736842106	1.04404260508058	38	38	0.0143486327678923	0.0651249717454943
PWY.6583..pyruvate.fermentation.to.butanol.I	strategy	DT	-0.781931433333333	0.304689688053682	38	29	0.0147156302190224	0.065992774693554
P4.PWY..superpathway.of.L.lysine..L.threonine.and.L.methionine.biosynthesis.I	season	rainy	1.99907105263158	0.779628941641876	38	32	0.0147936782393231	0.0660025644523648
PWY.5189..tetrapyrrole.biosynthesis.II..from.glycine.	strategy	DT	-4.40506333333333	1.72484244526938	38	38	0.0151637552028506	0.0666286213458585
PWY0.1061..superpathway.of.L.alanine.biosynthesis	season	rainy	-2.96465631578947	1.16049851678352	38	38	0.0151364627604433	0.0666286213458585
PWY0.781..aspartate.superpathway	season	rainy	2.08079526315789	0.814408412118314	38	32	0.0151241572395738	0.0666286213458585
FUCCAT.PWY..fucose.degradation	strategy	DT	-0.108824766666667	0.0427522115343055	38	7	0.0154743214858137	0.0670485038038048
GLUCOSE1PMETAB.PWY..glucose.and.glucose.1.phosphate.degradation	season	rainy	-9.65911052631578	3.79053255626626	38	38	0.0153724667108636	0.0670485038038048
PWY.6163..chorismate.biosynthesis.from.3.dehydroquinate	season	rainy	3.98571578947369	1.56607055819265	38	38	0.0154905163960515	0.0670485038038048
ANAEROFRUCAT.PWY..homolactic.fermentation	season	rainy	2.36967368421053	0.935595447434367	38	38	0.0159532403171005	0.0685394591216274
GLYCOCAT.PWY..glycogen.degradation.I	season	rainy	3.16776578947368	1.25120478248169	38	38	0.0159925404617131	0.0685394591216274
UDPNAGSYN.PWY..UDP.N.acetyl.D.glucosamine.biosynthesis.I	strategy	DT	-5.59264555555556	2.21927666410457	38	38	0.0164491446641578	0.0701507640089085
PYRIDNUCSAL.PWY..NAD.salvage.pathway.I..PNC.VI.cycle.	season	rainy	0.699031947368421	0.27882523621273	38	29	0.0169673594569765	0.0720078181832663
PWY.6897..thiamine.diphosphate.salvage.II	season	rainy	1.54674	0.617629070361158	38	34	0.0170788403402297	0.0721290829902904
PWY.6902..chitin.degradation.II..Vibrio.	strategy	DT	-0.699735916666666	0.280796433744662	38	32	0.0175891903436718	0.073570171149012
TRPSYN.PWY..L.tryptophan.biosynthesis	strategy	DT	-3.44943355555555	1.38359120014123	38	29	0.0175417952872874	0.073570171149012
P461.PWY..hexitol.fermentation.to.lactate..formate..ethanol.and.acetate	season	rainy	0.430548	0.173720192585158	38	24	0.0181659781947833	0.0752590525212453
PWY.5920..superpathway.of.heme.b.biosynthesis.from.glycine	season	rainy	3.20104736842105	1.29119258435181	38	38	0.0181340460631012	0.0752590525212453
HEMESYN2.PWY..heme.b.biosynthesis.II..oxygen.independent.	strategy	DT	-2.21860077777778	0.908659066763845	38	38	0.0198172024347198	0.0805652622346085
P185.PWY..formaldehyde.assimilation.III..dihydroxyacetone.cycle.	strategy	DT	1.21749538888889	0.497867874572108	38	36	0.019640567123382	0.0805652622346085
PWY.5121..superpathway.of.geranylgeranyl.diphosphate.biosynthesis.II..via.MEP.	season	rainy	1.43070473684211	0.585392634053809	38	38	0.0197059694607045	0.0805652622346085
PWY.6121..5.aminoimidazole.ribonucleotide.biosynthesis.I	season	rainy	5.07449473684211	2.07730546776855	38	38	0.0197610139441178	0.0805652622346085
PWY.821..superpathway.of.sulfur.amino.acid.biosynthesis..Saccharomyces.cerevisiae.	season	rainy	2.97021631578947	1.23013123198834	38	38	0.0211185609798604	0.0854565025696675
P221.PWY..octane.oxidation	strategy	DT	-1.32011394444444	0.549643444139868	38	38	0.0217599912607807	0.0876444092448111
P184.PWY..protocatechuate.degradation.I..meta.cleavage.pathway.	season	rainy	0.369807842105263	0.154198597916612	38	36	0.021938977253135	0.0878734536954626
PWY.841..superpathway.of.purine.nucleotides.de.novo.biosynthesis.I	season	rainy	4.96006315789473	2.07053456363899	38	38	0.0220781710539732	0.0878734536954626
UDPNAGSYN.PWY..UDP.N.acetyl.D.glucosamine.biosynthesis.I	season	rainy	5.30722105263158	2.21620074209397	38	38	0.022119869378513	0.0878734536954626
PWY.561..superpathway.of.glyoxylate.cycle.and.fatty.acid.degradation	season	rainy	-3.86012631578947	1.61895127789647	38	38	0.0226625462058722	0.0894683425776932
PWY.7159..3.8.divinyl.chlorophyllide.a.biosynthesis.III..aerobic..light.independent.	season	rainy	2.38610842105263	1.00125526593962	38	35	0.0227270157582416	0.0894683425776932
ASPASN.PWY..superpathway.of.L.aspartate.and.L.asparagine.biosynthesis	strategy	DT	1.78552616666667	0.754889070928837	38	38	0.0236881434819412	0.0920030572736108
PWY.7117..C4.photosynthetic.carbon.assimilation.cycle..PEPCK.type	season	rainy	1.88283157894737	0.795792849216893	38	38	0.0236497801875942	0.0920030572736108
PWY.8178..pentose.phosphate.pathway..non.oxidative.branch..II	strategy	DT	-3.57734166666666	1.51037084171602	38	38	0.0235110653338181	0.0920030572736108
PWY.7094..fatty.acid.salvage	season	rainy	1.10363163157895	0.467062544337191	38	36	0.023818181970262	0.0920969702850131
PWY.7357..thiamine.phosphate.formation.from.pyrithiamine.and.oxythiamine..yeast.	season	rainy	1.10518815789474	0.469893179372745	38	34	0.0244278010791765	0.0936273097617847
PWY0.1298..superpathway.of.pyrimidine.deoxyribonucleosides.degradation	strategy	DT	-1.42205833333333	0.60462331163512	38	38	0.0244291946160059	0.0936273097617847
BRANCHED.CHAIN.AA.SYN.PWY..superpathway.of.branched.chain.amino.acid.biosynthesis	strategy	DT	10.2631722222222	4.41845720612152	38	38	0.026127703978956	0.0996978178144376
PWY.5103..L.isoleucine.biosynthesis.III	strategy	DT	10.5557611111111	4.54907450279947	38	38	0.0262705928045504	0.0998053089081172
PWY.5514..UDP.N.acetyl.D.galactosamine.biosynthesis.II	season	rainy	0.303852947368421	0.131358519561815	38	8	0.0267117014883426	0.10103991432547
PWY.6386..UDP.N.acetylmuramoyl.pentapeptide.biosynthesis.II..lysine.containing.	strategy	DT	-4.08526944444444	1.77387190266082	38	38	0.0273383900912687	0.102962767876207
P221.PWY..octane.oxidation	season	rainy	-1.25558631578947	0.548881637198372	38	38	0.0283218135325613	0.106206800747105
POLYISOPRENSYN.PWY..polyisoprenoid.biosynthesis..E..coli.	season	rainy	0.841663157894737	0.370805981682172	38	38	0.029485491593839	0.109159053985702
PWY.6122..5.aminoimidazole.ribonucleotide.biosynthesis.II	season	rainy	6.12692105263157	2.6986126311732	38	38	0.0294470051111315	0.109159053985702
PWY.6277..superpathway.of.5.aminoimidazole.ribonucleotide.biosynthesis	season	rainy	6.12692105263157	2.6986126311732	38	38	0.0294470051111315	0.109159053985702
PWY.5517..L.arabinose.degradation.III	season	rainy	0.0920243157894737	0.0406927341146534	38	8	0.0300506017602036	0.110779760726174
PWY.6185..4.methylcatechol.degradation..ortho.cleavage.	season	rainy	0.707157368421053	0.313463176513798	38	37	0.0304263927428381	0.111691821461051
X1CMET2.PWY..folate.transformations.III..E..coli.	strategy	DT	-3.25065444444444	1.45387753729912	38	38	0.0318375293034242	0.116094509414656
PWY.7098..vanillin.and.vanillate.degradation.II	season	rainy	0.303956842105263	0.136106567338233	38	12	0.0320260715626637	0.116094509414656
PWY.8187..L.arginine.degradation.XIII..reductive.Stickland.reaction.	season	rainy	-4.53511052631579	2.02908234784039	38	38	0.0318946512769183	0.116094509414656
PWY.5104..L.isoleucine.biosynthesis.IV	season	rainy	3.98423842105263	1.78866781638066	38	38	0.0324416933972612	0.116190402292487
PWY.5392..reductive.TCA.cycle.II	strategy	DT	-1.04132066666667	0.468118863932086	38	36	0.0326616646063548	0.116190402292487
PWY.6342..noradrenaline.and.adrenaline.degradation	season	rainy	0.0693208368421053	0.0310925614478542	38	5	0.0322955627735689	0.116190402292487
PWY.7003..glycerol.degradation.to.butanol	season	rainy	0.974250894736842	0.438125481114248	38	27	0.0327202857030566	0.116190402292487
PWY.7396..butanol.and.isobutanol.biosynthesis..engineered.	season	rainy	0.588629052631579	0.264511210236217	38	21	0.03259815899222	0.116190402292487
PWY.5138..fatty.acid..beta..oxidation.IV..unsaturated..even.number.	strategy	DT	1.30132716666667	0.587071649803586	38	37	0.0332407111412555	0.117558612572733
PWY.6124..inosine.5..phosphate.biosynthesis.II	season	rainy	6.25156315789474	2.83873762766126	38	38	0.0343290362591455	0.120428473973615
PWY6666.2..dopamine.degradation	season	rainy	0.0694322578947368	0.0315070871690073	38	7	0.0342166089502478	0.120428473973615
PWY1G.0..mycothiol.biosynthesis	strategy	DT	-1.48916461111111	0.677434446546789	38	38	0.0346361421532228	0.121017846077526
UDPNACETYLGALSYN.PWY..UDP.N.acetyl.D.glucosamine.biosynthesis.II	season	rainy	0.382771052631579	0.174484816298977	38	8	0.034986860023378	0.121754272881356
PWY.7663..gondoate.biosynthesis..anaerobic.	season	rainy	5.65325789473685	2.58350224290022	38	38	0.0354183535939968	0.122277649312608
TRNA.CHARGING.PWY..tRNA.charging	season	rainy	4.59752105263159	2.10046929304185	38	38	0.0353717546816336	0.122277649312608
PWY.7197..pyrimidine.deoxyribonucleotide.phosphorylation	strategy	DT	-6.11553944444444	2.79866001085213	38	38	0.0356592176698202	0.122622606216378
PWY.7761..NAD.salvage.pathway.II..PNC.IV.cycle.	season	rainy	0.51953547368421	0.239243856939301	38	34	0.0367513641687608	0.125880656798511
PWY.3661..glycine.betaine.degradation.I	season	rainy	0.0753556421052631	0.0347853648735196	38	5	0.0371826724117815	0.126622004051715
PWY.5531..3.8.divinyl.chlorophyllide.a.biosynthesis.II..anaerobic.	season	rainy	0.162174210526316	0.0748941986069036	38	5	0.0372588885485506	0.126622004051715
P122.PWY..heterolactic.fermentation	strategy	DT	-0.76356311111111	0.353404216101426	38	8	0.0376549756792597	0.127470151132124
PWY.7663..gondoate.biosynthesis..anaerobic.	strategy	DT	-5.5842611111111	2.58708795211079	38	38	0.0378285407517616	0.127561358348964
OANTIGEN.PWY..O.antigen.building.blocks.biosynthesis..E..coli.	season	rainy	2.97525263157895	1.38436055172052	38	38	0.0386145154306017	0.129291280575938
PWY.6748..nitrate.reduction.VII..denitrification.	strategy	DT	0.0394021288888888	0.0183454168442614	38	6	0.0387335856355374	0.129291280575938
PWY3O.4107..NAD.salvage.pathway.V..PNC.V.cycle.	season	rainy	1.29649336842105	0.603817446867454	38	38	0.0387873841727813	0.129291280575938
PWY.621..sucrose.degradation.III..sucrose.invertase.	season	rainy	0.742542947368421	0.349372598075506	38	27	0.0406894235968217	0.135113734844408
PWY.5862..superpathway.of.demethylmenaquinol.9.biosynthesis	strategy	DT	0.485902716666667	0.22930604382111	38	17	0.0412584971449246	0.136482481049751
PWY.5845..superpathway.of.menaquinol.9.biosynthesis	strategy	DT	0.716094983333332	0.338312500277562	38	17	0.0414706776694293	0.136664733228801
PWY.7401..crotonate.fermentation..to.acetate.and.cyclohexane.carboxylate.	strategy	DT	-0.602085261111111	0.284693599515173	38	20	0.0416353222590334	0.136689548548525
PHOTOALL.PWY..oxygenic.photosynthesis	strategy	DT	0.74940465	0.355108297472425	38	33	0.0420461610962653	0.137519399074251
PWY.5188..tetrapyrrole.biosynthesis.I..from.glutamate.	season	rainy	4.16827368421053	1.97760050715596	38	38	0.0422863768295718	0.137787070568268
PWY.7197..pyrimidine.deoxyribonucleotide.phosphorylation	season	rainy	5.85311578947369	2.79478106233399	38	38	0.0435416406066318	0.14134786316332
PWY.6969..TCA.cycle.V..2.oxoglutarate.synthase.	season	rainy	-6.70535789473684	3.21928193909313	38	38	0.0446346498105723	0.144357417602966
NADSYN.PWY..NAD.de.novo.biosynthesis.II..from.tryptophan.	strategy	DT	-1.04907433333333	0.504674353498548	38	36	0.0450383116734672	0.145123448725616
METHGLYUT.PWY..superpathway.of.methylglyoxal.degradation	strategy	DT	0.233395494444444	0.112552748591155	38	12	0.0455339228306731	0.146179014253453
P124.PWY..Bifidobacterium.shunt	strategy	DT	-1.22179222222222	0.591675911705358	38	38	0.0463956606690936	0.148316829252012
PWY.6123..inosine.5..phosphate.biosynthesis.I	season	rainy	5.7027947368421	2.76362496718891	38	38	0.0465407981445969	0.148316829252012
PROTOCATECHUATE.ORTHO.CLEAVAGE.PWY..protocatechuate.degradation.II..ortho.cleavage.pathway.	season	rainy	0.634435052631578	0.30778505400501	38	38	0.046764671093338	0.148486364420453
P184.PWY..protocatechuate.degradation.I..meta.cleavage.pathway.	strategy	DT	-0.317276705555555	0.154412614116646	38	36	0.0474295285038831	0.150049781085012
PWY.5989..stearate.biosynthesis.II..bacteria.and.plants.	strategy	DT	-3.59804111111111	1.75465153707635	38	38	0.0478554648893341	0.150848748020727
ANAGLYCOLYSIS.PWY..glycolysis.III..from.glucose.	season	rainy	3.15198947368421	1.54312963405702	38	38	0.0486816622530644	0.151552433982735
PWY.5651..L.tryptophan.degradation.to.2.amino.3.carboxymuconate.semialdehyde	strategy	DT	-0.763149611111111	0.373611491906795	38	36	0.0486781711287159	0.151552433982735
PWY.6505..L.tryptophan.degradation.XII..Geobacillus.	season	rainy	0.110188421052632	0.053883465701116	38	4	0.048437621846801	0.151552433982735
PWY.7315..dTDP.N.acetylthomosamine.biosynthesis	season	rainy	0.485679789473684	0.237880460718291	38	26	0.0487754959944435	0.151552433982735
ARO.PWY..chorismate.biosynthesis.I	season	rainy	3.32074736842105	1.63339479261974	38	38	0.0496883016428072	0.153839225726841
X12DICHLORETHDEG.PWY..1.2.dichloroethane.degradation	season	rainy	-0.507080368421053	0.250207597349796	38	38	0.0503717685358822	0.155402264631977
PWY0.1586..peptidoglycan.maturation..meso.diaminopimelate.containing.	season	rainy	1.86521157894737	0.921468617064792	38	38	0.0506374779716886	0.15566998528399
RUMP.PWY..formaldehyde.oxidation.I	season	rainy	0.110020526315789	0.0546094998320005	38	8	0.0516720862676057	0.158291250185975
P101.PWY..ectoine.biosynthesis	season	rainy	0.157428263157895	0.0782550752497441	38	7	0.0519967155104068	0.15872681576861
PWY.2941..L.lysine.biosynthesis.II	strategy	DT	1.08478927777778	0.539989772859739	38	36	0.0523098011644402	0.159124220325395
PWY.7124..ethene.biosynthesis.V..engineered.	season	rainy	0.145989157894737	0.0730178721939205	38	4	0.0533797604315603	0.161813211064312
PWY.7218..photosynthetic.3.hydroxybutanoate.biosynthesis..engineered.	season	rainy	0.146741263157895	0.073460145708001	38	4	0.0535835489386428	0.16186697075215
PWY.6895..superpathway.of.thiamine.diphosphate.biosynthesis.II	season	rainy	1.16099684210526	0.586050009312955	38	25	0.0554854158839472	0.167032220827108
PWY.6396..superpathway.of.2.3.butanediol.biosynthesis	strategy	DT	-0.266231333333333	0.134954079026101	38	22	0.0564634928221649	0.169390478466495
PWY.7185..UTP.and.CTP.dephosphorylation.I	strategy	DT	-0.76217	0.386673460743061	38	17	0.0566609511516702	0.169398719937983
PWY.6125..superpathway.of.guanosine.nucleotides.de.novo.biosynthesis.II	season	rainy	3.89513684210527	1.97815497212466	38	38	0.056901874230254	0.16953640609699
PWY.3801..sucrose.degradation.II..sucrose.synthase.	strategy	DT	-1.76273238888889	0.899549136841673	38	27	0.0580477592607643	0.170073742365551
PWY.6087..4.chlorocatechol.degradation	season	rainy	0.0146279894736842	0.00747748646358407	38	4	0.0584506309968962	0.170073742365551
PWY.6089..3.chlorocatechol.degradation.I..ortho.	season	rainy	0.0146279894736842	0.00747748646358407	38	4	0.0584506309968962	0.170073742365551
PWY.6093..4.5.dichlorocatechol.degradation	season	rainy	0.0267578210526316	0.0136401086440469	38	4	0.0577893931958469	0.170073742365551
PWY.6107..chlorosalicylate.degradation	season	rainy	0.0145364631578947	0.00742825377649213	38	4	0.0583718354667786	0.170073742365551
PWY.6193..3.chlorocatechol.degradation.II..ortho.	season	rainy	0.0146279894736842	0.00747748646358407	38	4	0.0584506309968962	0.170073742365551
TCA..TCA.cycle.I..prokaryotic.	season	rainy	-4.91144736842105	2.50039214821506	38	38	0.0574788048188911	0.170073742365551
PWY.7229..superpathway.of.adenosine.nucleotides.de.novo.biosynthesis.I	strategy	DT	-5.57425055555555	2.8733646701661	38	38	0.0604745910095387	0.175376313927662
PWY.5973..cis.vaccenate.biosynthesis	season	rainy	4.93496315789474	2.56864033716623	38	38	0.062876176600362	0.181735128379784
ILEUSYN.PWY..L.isoleucine.biosynthesis.I..from.threonine.	strategy	DT	8.99492222222223	4.70334419915236	38	38	0.0640299261148957	0.183848302706136
PWY.7234..inosine.5..phosphate.biosynthesis.III	season	rainy	4.31215789473684	2.25301051131304	38	38	0.0638314357720537	0.183848302706136
TRNA.CHARGING.PWY..tRNA.charging	strategy	DT	4.00763277777779	2.1033845883977	38	38	0.0649794538097969	0.185960936889879
PWY.7124..ethene.biosynthesis.V..engineered.	strategy	DT	0.1386897	0.0731192155767571	38	4	0.0661365361056099	0.188651758727477
PWY.7218..photosynthetic.3.hydroxybutanoate.biosynthesis..engineered.	strategy	DT	0.1394042	0.0735621029336231	38	4	0.0663692276489775	0.188696823707877
PWY.5652..2.amino.3.carboxymuconate.semialdehyde.degradation.to.glutaryl.CoA	strategy	DT	-0.171486	0.0906540036679896	38	21	0.0668349618480533	0.189402009145949
NONOXIPENT.PWY..pentose.phosphate.pathway..non.oxidative.branch..I	season	rainy	4.32304210526316	2.29446882791901	38	38	0.0678775210071664	0.190823280755341
PWY.6609..adenine.and.adenosine.salvage.III	strategy	DT	-3.60427833333333	1.91447446894041	38	38	0.068082165171772	0.190823280755341
PWY.7115..C4.photosynthetic.carbon.assimilation.cycle..NAD.ME.type	season	rainy	-1.61007421052631	0.854186554712313	38	38	0.067765335082477	0.190823280755341
PWY.821..superpathway.of.sulfur.amino.acid.biosynthesis..Saccharomyces.cerevisiae.	strategy	DT	2.316025	1.23183856276417	38	38	0.0684331765467429	0.190823280755341
PWY66.429..fatty.acid.biosynthesis.initiation..mitochondria.	season	rainy	4.90263157894738	2.60694203426495	38	38	0.068367389790799	0.190823280755341
PWY.6501..D.glucuronate.degradation.II	season	rainy	0.169433315789474	0.090336307990136	38	17	0.0690739687418527	0.191994737397482
PWY0.1479..tRNA.processing	season	rainy	2.0987052631579	1.12390715138457	38	38	0.0702487650430684	0.194638298049266
COLANSYN.PWY..colanic.acid.building.blocks.biosynthesis	season	rainy	1.65323157894737	0.886239258549329	38	38	0.0705192473394332	0.19476744503272
PWY.5705..allantoin.degradation.to.glyoxylate.III	season	rainy	0.0871948421052631	0.0470818934626715	38	6	0.0724786277523303	0.199295547184377
RUMP.PWY..formaldehyde.oxidation.I	strategy	DT	0.1012249	0.0546852937613729	38	8	0.0726168832844226	0.199295547184377
X1CMET2.PWY..folate.transformations.III..E..coli.	season	rainy	2.68157894736842	1.45186246004894	38	38	0.0732165588404046	0.199681524110194
PWY.6270..isoprene.biosynthesis.I	strategy	DT	-3.40366722222222	1.84181621301757	38	38	0.0730677781802523	0.199681524110194
CRNFORCAT.PWY..creatinine.degradation.I	season	rainy	0.355495684210527	0.193302358026138	38	37	0.0744019782765704	0.201188940447503
PWY.5497..purine.nucleobases.degradation.II..anaerobic.	season	rainy	0.246155936842105	0.133870848511625	38	17	0.0744484562528168	0.201188940447503
PWY.7211..superpathway.of.pyrimidine.deoxyribonucleotides.de.novo.biosynthesis	season	rainy	1.60979631578947	0.876074314561203	38	22	0.0746363183927202	0.201188940447503
PWY0.162..superpathway.of.pyrimidine.ribonucleotides.de.novo.biosynthesis	season	rainy	4.0074947368421	2.18139194800275	38	38	0.0746942847868317	0.201188940447503
PWY.6948..sitosterol.degradation.to.androstenedione	strategy	DT	-0.617258833333333	0.336343394623737	38	37	0.074985285944289	0.20134937892448
PWY.6922..L.N.delta..acetylornithine.biosynthesis	season	rainy	2.02378947368421	1.10489443481858	38	38	0.0755243474751942	0.202172868625904
GOLPDLCAT.PWY..superpathway.of.glycerol.degradation.to.1.3.propanediol	season	rainy	0.41321352631579	0.226588567462084	38	34	0.0767573319394	0.204531052236663
PWY.5130..2.oxobutanoate.degradation.I	strategy	DT	2.19690111111111	1.20819859123945	38	38	0.0775807439518377	0.204531052236663
PWY.6126..superpathway.of.adenosine.nucleotides.de.novo.biosynthesis.II	strategy	DT	-4.89791555555555	2.69106423195968	38	38	0.0773098854158122	0.204531052236663
PWY.6478..GDP.D.glycero..alpha..D.manno.heptose.biosynthesis	strategy	DT	-0.572434877777777	0.314722578211389	38	34	0.0774984567051972	0.204531052236663
PYRIDNUCSAL.PWY..NAD.salvage.pathway.I..PNC.VI.cycle.	strategy	DT	0.508714955555555	0.279212224929451	38	29	0.0770149812332109	0.204531052236663
PWY.5505..L.glutamate.and.L.glutamine.biosynthesis	strategy	DT	1.27591566666667	0.703499914368156	38	38	0.0783106103397092	0.204595288274916
PWY.7282..4.amino.2.methyl.5.diphosphomethylpyrimidine.biosynthesis.II	season	rainy	0.858694526315789	0.473144879761286	38	36	0.078122486576509	0.204595288274916
PWY1F.823..leucopelargonidin.and.leucocyanidin.biosynthesis	strategy	DT	-0.286385672222222	0.157665721076044	38	10	0.0778803847648287	0.204595288274916
PWY.181..photorespiration	season	rainy	1.0325967368421	0.571928125873325	38	12	0.0796097044731959	0.206747590721434
PWY.6507..4.deoxy.L.threo.hex.4.enopyranuronate.degradation	season	rainy	0.496421578947368	0.27485185640678	38	38	0.079501886032354	0.206747590721434
PWY0.1261..anhydromuropeptides.recycling.I	strategy	DT	-0.679920611111111	0.378434398765374	38	37	0.0810234989163874	0.209792988265646
PWY.6981..chitin.biosynthesis	strategy	DT	-0.275350222222222	0.154336031835173	38	6	0.0830803279567294	0.213845814563179
PWY.7400..L.arginine.biosynthesis.IV..archaebacteria.	season	rainy	6.41974631578947	3.59544712727608	38	38	0.0828449086967502	0.213845814563179
PWY.6293..superpathway.of.L.cysteine.biosynthesis..fungi.	strategy	DT	1.40334444444444	0.791826953576493	38	38	0.0850523814358291	0.218276023153898
PWY.7094..fatty.acid.salvage	strategy	DT	0.823164888888889	0.467710792455319	38	36	0.0871482881087422	0.222997090160605
PWY.801..homocysteine.and.cysteine.interconversion	strategy	DT	0.952107777777778	0.54519778056698	38	38	0.0895221717312777	0.22839967567804
PWY.7242..D.fructuronate.degradation	strategy	DT	0.890190999999999	0.510812270373128	38	38	0.0901679015989585	0.229374486523666
OANTIGEN.PWY..O.antigen.building.blocks.biosynthesis..E..coli.	strategy	DT	-2.41008	1.38628194133599	38	38	0.0909102809243518	0.230588759195878
COBALSYN.PWY..superpathway.of.adenosylcobalamin.salvage.from.cobinamide.I	season	rainy	0.647902157894737	0.373991307365296	38	36	0.0920077939287154	0.231496967965088
PWY.7883..anhydromuropeptides.recycling.II	season	rainy	-0.164078315789474	0.0945933529191368	38	5	0.0916182159603764	0.231496967965088
PWY0.1298..superpathway.of.pyrimidine.deoxyribonucleosides.degradation	season	rainy	-1.0458	0.603785302484452	38	38	0.0920666102481844	0.231496967965088
PPGPPMET.PWY..ppGpp.metabolism	season	rainy	-0.528910526315789	0.306318011697543	38	38	0.0930446725988882	0.232457509990011
PWY.5973..cis.vaccenate.biosynthesis	strategy	DT	-4.43844944444443	2.57220541915558	38	38	0.0932501965362228	0.232457509990011
PWY.6749..CMP.legionaminate.biosynthesis.I	season	rainy	0.11001352631579	0.0636475690632186	38	4	0.0927162632670818	0.232457509990011
PWY.6168..flavin.biosynthesis.III..fungi.	season	rainy	2.18941684210526	1.27094647822047	38	15	0.0937754752771615	0.233099038546087
PWY.5028..L.histidine.degradation.II	season	rainy	0.441449315789474	0.257596568480894	38	19	0.0954246921258452	0.235409379591866
PWY.6834..spermidine.biosynthesis.III	strategy	DT	-0.246940055555555	0.144172981063478	38	38	0.095595650042203	0.235409379591866
PWY.6859..all.trans.farnesol.biosynthesis	season	rainy	0.514451578947369	0.299964422342802	38	38	0.0951800440972863	0.235409379591866
PWY.7000..kanamycin.biosynthesis	strategy	DT	-0.0809784277777777	0.0473067040456331	38	6	0.0957872647994491	0.235409379591866
PWY0.42..2.methylcitrate.cycle.I	season	rainy	1.11728789473684	0.653462340215749	38	38	0.0961564572834601	0.235651036159466
SER.GLYSYN.PWY..superpathway.of.L.serine.and.glycine.biosynthesis.I	season	rainy	4.23514736842106	2.48913987998691	38	38	0.0977275134750687	0.238828473941881
PWY.7560..methylerythritol.phosphate.pathway.II	strategy	DT	-2.70164388888889	1.59222619842512	38	38	0.0986174759685051	0.24032830278039
NONMEVIPP.PWY..methylerythritol.phosphate.pathway.I	strategy	DT	-3.91453222222222	2.31570657123394	38	38	0.0998351078704979	0.242616044266294
P562.PWY..myo.inositol.degradation.I	strategy	DT	-0.119386633333333	0.0711583251558143	38	12	0.10230331965806	0.245578884580291
PWY.5154..L.arginine.biosynthesis.III..via.N.acetyl.L.citrulline.	season	rainy	2.17495147368421	1.29616656467679	38	38	0.102258632574695	0.245578884580291
PWY.6803..phosphatidylcholine.acyl.editing	season	rainy	0.499385947368421	0.297796598431636	38	21	0.102465672531776	0.245578884580291
PWY.6920..6.gingerol.analog.biosynthesis..engineered.	season	rainy	0.14118152631579	0.0839918083477088	38	26	0.10168758547414	0.245578884580291
PWY.724..superpathway.of.L.lysine..L.threonine.and.L.methionine.biosynthesis.II	strategy	DT	3.68538	2.19711130424026	38	38	0.102379207250032	0.245578884580291
PWY.7761..NAD.salvage.pathway.II..PNC.IV.cycle.	strategy	DT	0.399937416666667	0.239575909641696	38	34	0.103968950165309	0.248497216054448
PWY.7383..anaerobic.energy.metabolism..invertebrates..cytosol.	strategy	DT	1.91855277777777	1.15167450056591	38	38	0.104664071073546	0.24947326529859
